,solar_cap,wind_cap,other_cap,peak_load,ev_peak_load
176,60.63795500000001,6.277000000000001,15.435897761570764,-36.591060638427734,-6.799198150634766
177,23.581556,0.0,0.4918262125295609,-47.93082046508789,-6.605005741119385
1056,99.17484200000001,8.311,2.7419450342114295,-12.126625061035156,-2.754598379135132
1690,38.38807,138.173,50.05216999670835,-12.956070899963379,-3.1411983966827393
1811,23.61478,125.35000000000002,26.487894913845896,-14.373479843139648,-3.8018970489501953
2534,17.994794,0.0,0.0,-62.12560272216797,-3.9660985469818115
